folder,f1_score,mse
DaNPvMYA8CQ,0.3673469387755102,6.044386422976501
pw_yrMk9y7g,0.202247191011236,8.81651376146789
tS-sEYqbwdY,0.35233160621761656,6.006024096385542
