folder,f1_score,mse,deckPercent
-75E9JBc4ho,0.9062499999999999,0.2957983193277311,0.9941176470588236
-7h4uCWSSrY,0.8764044943820225,0.279826464208243,0.9994577006507592
