folder,f1_score,mse
tS-sEYqbwdY,0.4142857142857143,3.100200400801603
DaNPvMYA8CQ,0.48648648648648646,3.546875
pw_yrMk9y7g,0.37499999999999994,2.876430205949657
