folder,f1_score,mse
DaNPvMYA8CQ,0.3673469387755102,6.028645833333333
pw_yrMk9y7g,0.202247191011236,8.79633867276888
tS-sEYqbwdY,0.35233160621761656,5.993987975951904
