folder,f1_score,mse
tS-sEYqbwdY,0.4426229508196721,2.80561122244489
DaNPvMYA8CQ,0.4262295081967213,3.703125
pw_yrMk9y7g,0.43902439024390244,2.329519450800915
