folder,f1_score,mse,deckPercent
-75E9JBc4ho,0.912,0.23361344537815126,0.9949579831932773
-7h4uCWSSrY,0.8764044943820225,0.279826464208243,1.0
